,Filename,No.,GT,TP,FP,FN,Precision,Recall
0,1_pr_ogunet_250524.npy,0,5,3,0,2,1.0,0.6
1,1_pr_ogunet_250524.npy,1,3,1,0,2,1.0,0.3333333333333333
2,1_pr_ogunet_250524.npy,2,3,3,1,0,0.75,1.0
3,1_pr_ogunet_250524.npy,3,4,3,1,1,0.75,0.75
4,1_pr_ogunet_250524.npy,4,1,0,0,1,,0.0
5,1_pr_ogunet_250524.npy,5,4,3,1,1,0.75,0.75
6,1_pr_ogunet_250524.npy,6,2,0,0,2,,0.0
7,1_pr_ogunet_250524.npy,7,1,1,2,0,0.3333333333333333,1.0
8,1_pr_ogunet_250524.npy,8,1,1,1,0,0.5,1.0
9,1_pr_ogunet_250524.npy,9,3,2,1,1,0.6666666666666666,0.6666666666666666
10,1_pr_ogunet_250524.npy,10,1,0,1,1,0.0,0.0
11,1_pr_ogunet_250524.npy,11,1,0,0,1,,0.0
12,1_pr_ogunet_250524.npy,12,2,0,0,2,,0.0
13,1_pr_ogunet_250524.npy,13,1,1,0,0,1.0,1.0
14,1_pr_ogunet_250524.npy,14,8,7,0,1,1.0,0.875
15,1_pr_ogunet_250524.npy,15,2,2,1,0,0.6666666666666666,1.0
16,1_pr_ogunet_250524.npy,16,2,2,1,0,0.6666666666666666,1.0
17,1_pr_ogunet_250524.npy,17,3,2,0,1,1.0,0.6666666666666666
18,1_pr_ogunet_250524.npy,18,2,2,1,0,0.6666666666666666,1.0
19,1_pr_ogunet_250524.npy,19,5,3,1,2,0.75,0.6
20,1_pr_ogunet_250524.npy,20,4,4,0,0,1.0,1.0
21,1_pr_ogunet_250524.npy,21,4,2,2,2,0.5,0.5
22,1_pr_ogunet_250524.npy,22,4,3,0,1,1.0,0.75
23,1_pr_ogunet_250524.npy,23,2,1,0,1,1.0,0.5
24,1_pr_ogunet_250524.npy,24,1,0,2,1,0.0,0.0
25,1_pr_ogunet_250524.npy,25,6,4,0,2,1.0,0.6666666666666666
26,1_pr_ogunet_250524.npy,26,5,3,1,2,0.75,0.6
27,1_pr_ogunet_250524.npy,27,4,2,0,2,1.0,0.5
28,1_pr_ogunet_250524.npy,28,3,1,1,2,0.5,0.3333333333333333
29,1_pr_ogunet_250524.npy,29,3,2,1,1,0.6666666666666666,0.6666666666666666
30,1_pr_ogunet_250524.npy,30,6,4,0,2,1.0,0.6666666666666666
31,1_pr_ogunet_250524.npy,31,8,7,0,1,1.0,0.875
32,1_pr_ogunet_250524.npy,32,4,3,0,1,1.0,0.75
33,1_pr_ogunet_250524.npy,33,4,4,0,0,1.0,1.0
34,1_pr_ogunet_250524.npy,34,1,1,1,0,0.5,1.0
35,1_pr_ogunet_250524.npy,35,4,1,1,3,0.5,0.25
36,1_pr_ogunet_250524.npy,36,6,5,0,1,1.0,0.8333333333333334
37,1_pr_ogunet_250524.npy,37,1,0,2,1,0.0,0.0
38,1_pr_ogunet_250524.npy,38,2,2,1,0,0.6666666666666666,1.0
39,1_pr_ogunet_250524.npy,39,2,1,3,1,0.25,0.5
40,1_pr_ogunet_250524.npy,40,2,1,1,1,0.5,0.5
41,1_pr_ogunet_250524.npy,41,1,1,1,0,0.5,1.0
42,1_pr_ogunet_250524.npy,42,2,2,0,0,1.0,1.0
43,1_pr_ogunet_250524.npy,43,1,1,1,0,0.5,1.0
44,1_pr_ogunet_250524.npy,44,2,1,0,1,1.0,0.5
45,1_pr_ogunet_250524.npy,45,2,1,0,1,1.0,0.5
46,1_pr_ogunet_250524.npy,46,4,3,0,1,1.0,0.75
47,1_pr_ogunet_250524.npy,47,2,1,0,1,1.0,0.5
48,1_pr_ogunet_250524.npy,48,4,3,0,1,1.0,0.75
49,1_pr_ogunet_250524.npy,49,2,1,1,1,0.5,0.5
50,2_pr_vgg16unet_240524.npy,0,5,3,1,2,0.75,0.6
51,2_pr_vgg16unet_240524.npy,1,3,2,1,1,0.6666666666666666,0.6666666666666666
52,2_pr_vgg16unet_240524.npy,2,3,3,6,0,0.3333333333333333,1.0
53,2_pr_vgg16unet_240524.npy,3,4,4,1,0,0.8,1.0
54,2_pr_vgg16unet_240524.npy,4,1,0,1,1,0.0,0.0
55,2_pr_vgg16unet_240524.npy,5,4,3,0,1,1.0,0.75
56,2_pr_vgg16unet_240524.npy,6,2,1,0,1,1.0,0.5
57,2_pr_vgg16unet_240524.npy,7,1,1,2,0,0.3333333333333333,1.0
58,2_pr_vgg16unet_240524.npy,8,1,1,1,0,0.5,1.0
59,2_pr_vgg16unet_240524.npy,9,3,2,1,1,0.6666666666666666,0.6666666666666666
60,2_pr_vgg16unet_240524.npy,10,1,0,3,1,0.0,0.0
61,2_pr_vgg16unet_240524.npy,11,1,1,4,0,0.2,1.0
62,2_pr_vgg16unet_240524.npy,12,2,2,0,0,1.0,1.0
63,2_pr_vgg16unet_240524.npy,13,1,1,2,0,0.3333333333333333,1.0
64,2_pr_vgg16unet_240524.npy,14,8,6,0,2,1.0,0.75
65,2_pr_vgg16unet_240524.npy,15,2,2,1,0,0.6666666666666666,1.0
66,2_pr_vgg16unet_240524.npy,16,2,2,1,0,0.6666666666666666,1.0
67,2_pr_vgg16unet_240524.npy,17,3,2,0,1,1.0,0.6666666666666666
68,2_pr_vgg16unet_240524.npy,18,2,1,2,1,0.3333333333333333,0.5
69,2_pr_vgg16unet_240524.npy,19,5,4,1,1,0.8,0.8
70,2_pr_vgg16unet_240524.npy,20,4,4,0,0,1.0,1.0
71,2_pr_vgg16unet_240524.npy,21,4,3,1,1,0.75,0.75
72,2_pr_vgg16unet_240524.npy,22,4,3,1,1,0.75,0.75
73,2_pr_vgg16unet_240524.npy,23,2,1,0,1,1.0,0.5
74,2_pr_vgg16unet_240524.npy,24,1,0,1,1,0.0,0.0
75,2_pr_vgg16unet_240524.npy,25,6,5,2,1,0.7142857142857143,0.8333333333333334
76,2_pr_vgg16unet_240524.npy,26,5,1,0,4,1.0,0.2
77,2_pr_vgg16unet_240524.npy,27,4,2,0,2,1.0,0.5
78,2_pr_vgg16unet_240524.npy,28,3,1,0,2,1.0,0.3333333333333333
79,2_pr_vgg16unet_240524.npy,29,3,2,1,1,0.6666666666666666,0.6666666666666666
80,2_pr_vgg16unet_240524.npy,30,6,3,0,3,1.0,0.5
81,2_pr_vgg16unet_240524.npy,31,8,8,3,0,0.7272727272727273,1.0
82,2_pr_vgg16unet_240524.npy,32,4,3,0,1,1.0,0.75
83,2_pr_vgg16unet_240524.npy,33,4,4,0,0,1.0,1.0
84,2_pr_vgg16unet_240524.npy,34,1,0,1,1,0.0,0.0
85,2_pr_vgg16unet_240524.npy,35,4,2,2,2,0.5,0.5
86,2_pr_vgg16unet_240524.npy,36,6,6,0,0,1.0,1.0
87,2_pr_vgg16unet_240524.npy,37,1,0,1,1,0.0,0.0
88,2_pr_vgg16unet_240524.npy,38,2,2,1,0,0.6666666666666666,1.0
89,2_pr_vgg16unet_240524.npy,39,2,0,0,2,,0.0
90,2_pr_vgg16unet_240524.npy,40,2,2,4,0,0.3333333333333333,1.0
91,2_pr_vgg16unet_240524.npy,41,1,0,2,1,0.0,0.0
92,2_pr_vgg16unet_240524.npy,42,2,2,0,0,1.0,1.0
93,2_pr_vgg16unet_240524.npy,43,1,1,1,0,0.5,1.0
94,2_pr_vgg16unet_240524.npy,44,2,1,0,1,1.0,0.5
95,2_pr_vgg16unet_240524.npy,45,2,1,0,1,1.0,0.5
96,2_pr_vgg16unet_240524.npy,46,4,2,1,2,0.6666666666666666,0.5
97,2_pr_vgg16unet_240524.npy,47,2,1,1,1,0.5,0.5
98,2_pr_vgg16unet_240524.npy,48,4,2,0,2,1.0,0.5
99,2_pr_vgg16unet_240524.npy,49,2,2,1,0,0.6666666666666666,1.0
100,3_pr_effb5unet_250524.npy,0,5,4,1,1,0.8,0.8
101,3_pr_effb5unet_250524.npy,1,3,3,1,0,0.75,1.0
102,3_pr_effb5unet_250524.npy,2,3,3,7,0,0.3,1.0
103,3_pr_effb5unet_250524.npy,3,4,3,1,1,0.75,0.75
104,3_pr_effb5unet_250524.npy,4,1,1,2,0,0.3333333333333333,1.0
105,3_pr_effb5unet_250524.npy,5,4,4,0,0,1.0,1.0
106,3_pr_effb5unet_250524.npy,6,2,0,1,2,0.0,0.0
107,3_pr_effb5unet_250524.npy,7,1,1,2,0,0.3333333333333333,1.0
108,3_pr_effb5unet_250524.npy,8,1,1,2,0,0.3333333333333333,1.0
109,3_pr_effb5unet_250524.npy,9,3,3,3,0,0.5,1.0
110,3_pr_effb5unet_250524.npy,10,1,0,1,1,0.0,0.0
111,3_pr_effb5unet_250524.npy,11,1,0,0,1,,0.0
112,3_pr_effb5unet_250524.npy,12,2,2,2,0,0.5,1.0
113,3_pr_effb5unet_250524.npy,13,1,1,1,0,0.5,1.0
114,3_pr_effb5unet_250524.npy,14,8,7,2,1,0.7777777777777778,0.875
115,3_pr_effb5unet_250524.npy,15,2,2,1,0,0.6666666666666666,1.0
116,3_pr_effb5unet_250524.npy,16,2,2,2,0,0.5,1.0
117,3_pr_effb5unet_250524.npy,17,3,3,1,0,0.75,1.0
118,3_pr_effb5unet_250524.npy,18,2,2,1,0,0.6666666666666666,1.0
119,3_pr_effb5unet_250524.npy,19,5,5,0,0,1.0,1.0
120,3_pr_effb5unet_250524.npy,20,4,4,1,0,0.8,1.0
121,3_pr_effb5unet_250524.npy,21,4,3,2,1,0.6,0.75
122,3_pr_effb5unet_250524.npy,22,4,4,2,0,0.6666666666666666,1.0
123,3_pr_effb5unet_250524.npy,23,2,1,1,1,0.5,0.5
124,3_pr_effb5unet_250524.npy,24,1,0,1,1,0.0,0.0
125,3_pr_effb5unet_250524.npy,25,6,6,1,0,0.8571428571428571,1.0
126,3_pr_effb5unet_250524.npy,26,5,3,2,2,0.6,0.6
127,3_pr_effb5unet_250524.npy,27,4,4,0,0,1.0,1.0
128,3_pr_effb5unet_250524.npy,28,3,2,1,1,0.6666666666666666,0.6666666666666666
129,3_pr_effb5unet_250524.npy,29,3,2,2,1,0.5,0.6666666666666666
130,3_pr_effb5unet_250524.npy,30,6,4,1,2,0.8,0.6666666666666666
131,3_pr_effb5unet_250524.npy,31,8,8,1,0,0.8888888888888888,1.0
132,3_pr_effb5unet_250524.npy,32,4,4,0,0,1.0,1.0
133,3_pr_effb5unet_250524.npy,33,4,4,1,0,0.8,1.0
134,3_pr_effb5unet_250524.npy,34,1,0,0,1,,0.0
135,3_pr_effb5unet_250524.npy,35,4,2,1,2,0.6666666666666666,0.5
136,3_pr_effb5unet_250524.npy,36,6,5,2,1,0.7142857142857143,0.8333333333333334
137,3_pr_effb5unet_250524.npy,37,1,1,2,0,0.3333333333333333,1.0
138,3_pr_effb5unet_250524.npy,38,2,2,1,0,0.6666666666666666,1.0
139,3_pr_effb5unet_250524.npy,39,2,1,0,1,1.0,0.5
140,3_pr_effb5unet_250524.npy,40,2,2,1,0,0.6666666666666666,1.0
141,3_pr_effb5unet_250524.npy,41,1,1,1,0,0.5,1.0
142,3_pr_effb5unet_250524.npy,42,2,2,1,0,0.6666666666666666,1.0
143,3_pr_effb5unet_250524.npy,43,1,1,1,0,0.5,1.0
144,3_pr_effb5unet_250524.npy,44,2,2,1,0,0.6666666666666666,1.0
145,3_pr_effb5unet_250524.npy,45,2,1,1,1,0.5,0.5
146,3_pr_effb5unet_250524.npy,46,4,4,0,0,1.0,1.0
147,3_pr_effb5unet_250524.npy,47,2,1,1,1,0.5,0.5
148,3_pr_effb5unet_250524.npy,48,4,4,0,0,1.0,1.0
149,3_pr_effb5unet_250524.npy,49,2,2,1,0,0.6666666666666666,1.0
150,4_pr_resnetunet_250524.npy,0,5,4,1,1,0.8,0.8
151,4_pr_resnetunet_250524.npy,1,3,2,0,1,1.0,0.6666666666666666
152,4_pr_resnetunet_250524.npy,2,3,3,3,0,0.5,1.0
153,4_pr_resnetunet_250524.npy,3,4,2,4,2,0.3333333333333333,0.5
154,4_pr_resnetunet_250524.npy,4,1,0,0,1,,0.0
155,4_pr_resnetunet_250524.npy,5,4,4,0,0,1.0,1.0
156,4_pr_resnetunet_250524.npy,6,2,1,1,1,0.5,0.5
157,4_pr_resnetunet_250524.npy,7,1,1,1,0,0.5,1.0
158,4_pr_resnetunet_250524.npy,8,1,1,1,0,0.5,1.0
159,4_pr_resnetunet_250524.npy,9,3,2,1,1,0.6666666666666666,0.6666666666666666
160,4_pr_resnetunet_250524.npy,10,1,0,3,1,0.0,0.0
161,4_pr_resnetunet_250524.npy,11,1,0,1,1,0.0,0.0
162,4_pr_resnetunet_250524.npy,12,2,2,1,0,0.6666666666666666,1.0
163,4_pr_resnetunet_250524.npy,13,1,0,1,1,0.0,0.0
164,4_pr_resnetunet_250524.npy,14,8,7,0,1,1.0,0.875
165,4_pr_resnetunet_250524.npy,15,2,1,1,1,0.5,0.5
166,4_pr_resnetunet_250524.npy,16,2,1,1,1,0.5,0.5
167,4_pr_resnetunet_250524.npy,17,3,2,0,1,1.0,0.6666666666666666
168,4_pr_resnetunet_250524.npy,18,2,1,1,1,0.5,0.5
169,4_pr_resnetunet_250524.npy,19,5,3,1,2,0.75,0.6
170,4_pr_resnetunet_250524.npy,20,4,3,0,1,1.0,0.75
171,4_pr_resnetunet_250524.npy,21,4,3,2,1,0.6,0.75
172,4_pr_resnetunet_250524.npy,22,4,3,1,1,0.75,0.75
173,4_pr_resnetunet_250524.npy,23,2,0,0,2,,0.0
174,4_pr_resnetunet_250524.npy,24,1,1,1,0,0.5,1.0
175,4_pr_resnetunet_250524.npy,25,6,5,0,1,1.0,0.8333333333333334
176,4_pr_resnetunet_250524.npy,26,5,1,1,4,0.5,0.2
177,4_pr_resnetunet_250524.npy,27,4,3,0,1,1.0,0.75
178,4_pr_resnetunet_250524.npy,28,3,2,1,1,0.6666666666666666,0.6666666666666666
179,4_pr_resnetunet_250524.npy,29,3,2,1,1,0.6666666666666666,0.6666666666666666
180,4_pr_resnetunet_250524.npy,30,6,3,0,3,1.0,0.5
181,4_pr_resnetunet_250524.npy,31,8,7,1,1,0.875,0.875
182,4_pr_resnetunet_250524.npy,32,4,4,0,0,1.0,1.0
183,4_pr_resnetunet_250524.npy,33,4,3,1,1,0.75,0.75
184,4_pr_resnetunet_250524.npy,34,1,0,0,1,,0.0
185,4_pr_resnetunet_250524.npy,35,4,1,1,3,0.5,0.25
186,4_pr_resnetunet_250524.npy,36,6,5,1,1,0.8333333333333334,0.8333333333333334
187,4_pr_resnetunet_250524.npy,37,1,0,0,1,,0.0
188,4_pr_resnetunet_250524.npy,38,2,2,0,0,1.0,1.0
189,4_pr_resnetunet_250524.npy,39,2,1,2,1,0.3333333333333333,0.5
190,4_pr_resnetunet_250524.npy,40,2,1,1,1,0.5,0.5
191,4_pr_resnetunet_250524.npy,41,1,0,1,1,0.0,0.0
192,4_pr_resnetunet_250524.npy,42,2,2,0,0,1.0,1.0
193,4_pr_resnetunet_250524.npy,43,1,1,3,0,0.25,1.0
194,4_pr_resnetunet_250524.npy,44,2,1,0,1,1.0,0.5
195,4_pr_resnetunet_250524.npy,45,2,1,0,1,1.0,0.5
196,4_pr_resnetunet_250524.npy,46,4,2,0,2,1.0,0.5
197,4_pr_resnetunet_250524.npy,47,2,2,0,0,1.0,1.0
198,4_pr_resnetunet_250524.npy,48,4,4,0,0,1.0,1.0
199,4_pr_resnetunet_250524.npy,49,2,2,1,0,0.6666666666666666,1.0
200,5_pr_mobilenetunet_260524.npy,0,5,3,0,2,1.0,0.6
201,5_pr_mobilenetunet_260524.npy,1,3,3,0,0,1.0,1.0
202,5_pr_mobilenetunet_260524.npy,2,3,3,2,0,0.6,1.0
203,5_pr_mobilenetunet_260524.npy,3,4,2,1,2,0.6666666666666666,0.5
204,5_pr_mobilenetunet_260524.npy,4,1,1,0,0,1.0,1.0
205,5_pr_mobilenetunet_260524.npy,5,4,2,2,2,0.5,0.5
206,5_pr_mobilenetunet_260524.npy,6,2,1,1,1,0.5,0.5
207,5_pr_mobilenetunet_260524.npy,7,1,1,1,0,0.5,1.0
208,5_pr_mobilenetunet_260524.npy,8,1,1,0,0,1.0,1.0
209,5_pr_mobilenetunet_260524.npy,9,3,3,1,0,0.75,1.0
210,5_pr_mobilenetunet_260524.npy,10,1,0,1,1,0.0,0.0
211,5_pr_mobilenetunet_260524.npy,11,1,0,1,1,0.0,0.0
212,5_pr_mobilenetunet_260524.npy,12,2,2,3,0,0.4,1.0
213,5_pr_mobilenetunet_260524.npy,13,1,0,0,1,,0.0
214,5_pr_mobilenetunet_260524.npy,14,8,7,0,1,1.0,0.875
215,5_pr_mobilenetunet_260524.npy,15,2,1,1,1,0.5,0.5
216,5_pr_mobilenetunet_260524.npy,16,2,1,2,1,0.3333333333333333,0.5
217,5_pr_mobilenetunet_260524.npy,17,3,2,1,1,0.6666666666666666,0.6666666666666666
218,5_pr_mobilenetunet_260524.npy,18,2,1,2,1,0.3333333333333333,0.5
219,5_pr_mobilenetunet_260524.npy,19,5,4,1,1,0.8,0.8
220,5_pr_mobilenetunet_260524.npy,20,4,4,1,0,0.8,1.0
221,5_pr_mobilenetunet_260524.npy,21,4,3,1,1,0.75,0.75
222,5_pr_mobilenetunet_260524.npy,22,4,4,0,0,1.0,1.0
223,5_pr_mobilenetunet_260524.npy,23,2,1,2,1,0.3333333333333333,0.5
224,5_pr_mobilenetunet_260524.npy,24,1,0,1,1,0.0,0.0
225,5_pr_mobilenetunet_260524.npy,25,6,6,0,0,1.0,1.0
226,5_pr_mobilenetunet_260524.npy,26,5,1,0,4,1.0,0.2
227,5_pr_mobilenetunet_260524.npy,27,4,3,0,1,1.0,0.75
228,5_pr_mobilenetunet_260524.npy,28,3,2,0,1,1.0,0.6666666666666666
229,5_pr_mobilenetunet_260524.npy,29,3,2,3,1,0.4,0.6666666666666666
230,5_pr_mobilenetunet_260524.npy,30,6,4,1,2,0.8,0.6666666666666666
231,5_pr_mobilenetunet_260524.npy,31,8,8,1,0,0.8888888888888888,1.0
232,5_pr_mobilenetunet_260524.npy,32,4,3,0,1,1.0,0.75
233,5_pr_mobilenetunet_260524.npy,33,4,3,1,1,0.75,0.75
234,5_pr_mobilenetunet_260524.npy,34,1,0,1,1,0.0,0.0
235,5_pr_mobilenetunet_260524.npy,35,4,1,1,3,0.5,0.25
236,5_pr_mobilenetunet_260524.npy,36,6,5,0,1,1.0,0.8333333333333334
237,5_pr_mobilenetunet_260524.npy,37,1,0,2,1,0.0,0.0
238,5_pr_mobilenetunet_260524.npy,38,2,2,1,0,0.6666666666666666,1.0
239,5_pr_mobilenetunet_260524.npy,39,2,1,3,1,0.25,0.5
240,5_pr_mobilenetunet_260524.npy,40,2,2,2,0,0.5,1.0
241,5_pr_mobilenetunet_260524.npy,41,1,0,2,1,0.0,0.0
242,5_pr_mobilenetunet_260524.npy,42,2,2,0,0,1.0,1.0
243,5_pr_mobilenetunet_260524.npy,43,1,1,2,0,0.3333333333333333,1.0
244,5_pr_mobilenetunet_260524.npy,44,2,1,1,1,0.5,0.5
245,5_pr_mobilenetunet_260524.npy,45,2,1,0,1,1.0,0.5
246,5_pr_mobilenetunet_260524.npy,46,4,3,0,1,1.0,0.75
247,5_pr_mobilenetunet_260524.npy,47,2,1,1,1,0.5,0.5
248,5_pr_mobilenetunet_260524.npy,48,4,4,0,0,1.0,1.0
249,5_pr_mobilenetunet_260524.npy,49,2,1,2,1,0.3333333333333333,0.5
250,pr_effb5_1x_250524.npy,0,5,4,1,1,0.8,0.8
251,pr_effb5_1x_250524.npy,1,3,3,1,0,0.75,1.0
252,pr_effb5_1x_250524.npy,2,3,3,7,0,0.3,1.0
253,pr_effb5_1x_250524.npy,3,4,3,1,1,0.75,0.75
254,pr_effb5_1x_250524.npy,4,1,1,2,0,0.3333333333333333,1.0
255,pr_effb5_1x_250524.npy,5,4,4,0,0,1.0,1.0
256,pr_effb5_1x_250524.npy,6,2,0,1,2,0.0,0.0
257,pr_effb5_1x_250524.npy,7,1,1,2,0,0.3333333333333333,1.0
258,pr_effb5_1x_250524.npy,8,1,1,2,0,0.3333333333333333,1.0
259,pr_effb5_1x_250524.npy,9,3,3,3,0,0.5,1.0
260,pr_effb5_1x_250524.npy,10,1,0,1,1,0.0,0.0
261,pr_effb5_1x_250524.npy,11,1,0,0,1,,0.0
262,pr_effb5_1x_250524.npy,12,2,2,2,0,0.5,1.0
263,pr_effb5_1x_250524.npy,13,1,1,1,0,0.5,1.0
264,pr_effb5_1x_250524.npy,14,8,7,2,1,0.7777777777777778,0.875
265,pr_effb5_1x_250524.npy,15,2,2,1,0,0.6666666666666666,1.0
266,pr_effb5_1x_250524.npy,16,2,2,2,0,0.5,1.0
267,pr_effb5_1x_250524.npy,17,3,3,1,0,0.75,1.0
268,pr_effb5_1x_250524.npy,18,2,2,1,0,0.6666666666666666,1.0
269,pr_effb5_1x_250524.npy,19,5,5,0,0,1.0,1.0
270,pr_effb5_1x_250524.npy,20,4,4,1,0,0.8,1.0
271,pr_effb5_1x_250524.npy,21,4,3,2,1,0.6,0.75
272,pr_effb5_1x_250524.npy,22,4,4,2,0,0.6666666666666666,1.0
273,pr_effb5_1x_250524.npy,23,2,1,1,1,0.5,0.5
274,pr_effb5_1x_250524.npy,24,1,0,1,1,0.0,0.0
275,pr_effb5_1x_250524.npy,25,6,6,1,0,0.8571428571428571,1.0
276,pr_effb5_1x_250524.npy,26,5,3,2,2,0.6,0.6
277,pr_effb5_1x_250524.npy,27,4,4,0,0,1.0,1.0
278,pr_effb5_1x_250524.npy,28,3,2,1,1,0.6666666666666666,0.6666666666666666
279,pr_effb5_1x_250524.npy,29,3,2,2,1,0.5,0.6666666666666666
280,pr_effb5_1x_250524.npy,30,6,4,1,2,0.8,0.6666666666666666
281,pr_effb5_1x_250524.npy,31,8,8,1,0,0.8888888888888888,1.0
282,pr_effb5_1x_250524.npy,32,4,4,0,0,1.0,1.0
283,pr_effb5_1x_250524.npy,33,4,4,1,0,0.8,1.0
284,pr_effb5_1x_250524.npy,34,1,0,0,1,,0.0
285,pr_effb5_1x_250524.npy,35,4,2,1,2,0.6666666666666666,0.5
286,pr_effb5_1x_250524.npy,36,6,5,2,1,0.7142857142857143,0.8333333333333334
287,pr_effb5_1x_250524.npy,37,1,1,2,0,0.3333333333333333,1.0
288,pr_effb5_1x_250524.npy,38,2,2,1,0,0.6666666666666666,1.0
289,pr_effb5_1x_250524.npy,39,2,1,0,1,1.0,0.5
290,pr_effb5_1x_250524.npy,40,2,2,1,0,0.6666666666666666,1.0
291,pr_effb5_1x_250524.npy,41,1,1,1,0,0.5,1.0
292,pr_effb5_1x_250524.npy,42,2,2,1,0,0.6666666666666666,1.0
293,pr_effb5_1x_250524.npy,43,1,1,1,0,0.5,1.0
294,pr_effb5_1x_250524.npy,44,2,2,1,0,0.6666666666666666,1.0
295,pr_effb5_1x_250524.npy,45,2,1,1,1,0.5,0.5
296,pr_effb5_1x_250524.npy,46,4,4,0,0,1.0,1.0
297,pr_effb5_1x_250524.npy,47,2,1,1,1,0.5,0.5
298,pr_effb5_1x_250524.npy,48,4,4,0,0,1.0,1.0
299,pr_effb5_1x_250524.npy,49,2,2,1,0,0.6666666666666666,1.0
300,pr_effb5_1.5x_190624.npy,0,5,3,1,2,0.75,0.6
301,pr_effb5_1.5x_190624.npy,1,3,3,1,0,0.75,1.0
302,pr_effb5_1.5x_190624.npy,2,3,3,5,0,0.375,1.0
303,pr_effb5_1.5x_190624.npy,3,4,3,1,1,0.75,0.75
304,pr_effb5_1.5x_190624.npy,4,1,1,0,0,1.0,1.0
305,pr_effb5_1.5x_190624.npy,5,4,4,0,0,1.0,1.0
306,pr_effb5_1.5x_190624.npy,6,2,1,2,1,0.3333333333333333,0.5
307,pr_effb5_1.5x_190624.npy,7,1,1,1,0,0.5,1.0
308,pr_effb5_1.5x_190624.npy,8,1,1,0,0,1.0,1.0
309,pr_effb5_1.5x_190624.npy,9,3,3,1,0,0.75,1.0
310,pr_effb5_1.5x_190624.npy,10,1,0,0,1,,0.0
311,pr_effb5_1.5x_190624.npy,11,1,1,0,0,1.0,1.0
312,pr_effb5_1.5x_190624.npy,12,2,2,1,0,0.6666666666666666,1.0
313,pr_effb5_1.5x_190624.npy,13,1,0,1,1,0.0,0.0
314,pr_effb5_1.5x_190624.npy,14,8,7,0,1,1.0,0.875
315,pr_effb5_1.5x_190624.npy,15,2,2,1,0,0.6666666666666666,1.0
316,pr_effb5_1.5x_190624.npy,16,2,2,1,0,0.6666666666666666,1.0
317,pr_effb5_1.5x_190624.npy,17,3,3,0,0,1.0,1.0
318,pr_effb5_1.5x_190624.npy,18,2,1,1,1,0.5,0.5
319,pr_effb5_1.5x_190624.npy,19,5,4,0,1,1.0,0.8
320,pr_effb5_1.5x_190624.npy,20,4,4,2,0,0.6666666666666666,1.0
321,pr_effb5_1.5x_190624.npy,21,4,3,2,1,0.6,0.75
322,pr_effb5_1.5x_190624.npy,22,4,4,1,0,0.8,1.0
323,pr_effb5_1.5x_190624.npy,23,2,1,0,1,1.0,0.5
324,pr_effb5_1.5x_190624.npy,24,1,1,2,0,0.3333333333333333,1.0
325,pr_effb5_1.5x_190624.npy,25,6,6,0,0,1.0,1.0
326,pr_effb5_1.5x_190624.npy,26,5,3,1,2,0.75,0.6
327,pr_effb5_1.5x_190624.npy,27,4,2,0,2,1.0,0.5
328,pr_effb5_1.5x_190624.npy,28,3,2,0,1,1.0,0.6666666666666666
329,pr_effb5_1.5x_190624.npy,29,3,2,0,1,1.0,0.6666666666666666
330,pr_effb5_1.5x_190624.npy,30,6,5,2,1,0.7142857142857143,0.8333333333333334
331,pr_effb5_1.5x_190624.npy,31,8,8,1,0,0.8888888888888888,1.0
332,pr_effb5_1.5x_190624.npy,32,4,3,0,1,1.0,0.75
333,pr_effb5_1.5x_190624.npy,33,4,4,1,0,0.8,1.0
334,pr_effb5_1.5x_190624.npy,34,1,1,2,0,0.3333333333333333,1.0
335,pr_effb5_1.5x_190624.npy,35,4,2,1,2,0.6666666666666666,0.5
336,pr_effb5_1.5x_190624.npy,36,6,6,1,0,0.8571428571428571,1.0
337,pr_effb5_1.5x_190624.npy,37,1,1,1,0,0.5,1.0
338,pr_effb5_1.5x_190624.npy,38,2,2,1,0,0.6666666666666666,1.0
339,pr_effb5_1.5x_190624.npy,39,2,0,4,2,0.0,0.0
340,pr_effb5_1.5x_190624.npy,40,2,2,1,0,0.6666666666666666,1.0
341,pr_effb5_1.5x_190624.npy,41,1,1,1,0,0.5,1.0
342,pr_effb5_1.5x_190624.npy,42,2,2,1,0,0.6666666666666666,1.0
343,pr_effb5_1.5x_190624.npy,43,1,1,2,0,0.3333333333333333,1.0
344,pr_effb5_1.5x_190624.npy,44,2,2,1,0,0.6666666666666666,1.0
345,pr_effb5_1.5x_190624.npy,45,2,1,0,1,1.0,0.5
346,pr_effb5_1.5x_190624.npy,46,4,3,0,1,1.0,0.75
347,pr_effb5_1.5x_190624.npy,47,2,1,1,1,0.5,0.5
348,pr_effb5_1.5x_190624.npy,48,4,4,0,0,1.0,1.0
349,pr_effb5_1.5x_190624.npy,49,2,2,1,0,0.6666666666666666,1.0
350,pr_effb5_2x_060624.npy,0,5,4,0,1,1.0,0.8
351,pr_effb5_2x_060624.npy,1,3,3,0,0,1.0,1.0
352,pr_effb5_2x_060624.npy,2,3,3,4,0,0.42857142857142855,1.0
353,pr_effb5_2x_060624.npy,3,4,3,2,1,0.6,0.75
354,pr_effb5_2x_060624.npy,4,1,1,1,0,0.5,1.0
355,pr_effb5_2x_060624.npy,5,4,4,1,0,0.8,1.0
356,pr_effb5_2x_060624.npy,6,2,1,2,1,0.3333333333333333,0.5
357,pr_effb5_2x_060624.npy,7,1,1,1,0,0.5,1.0
358,pr_effb5_2x_060624.npy,8,1,1,0,0,1.0,1.0
359,pr_effb5_2x_060624.npy,9,3,3,2,0,0.6,1.0
360,pr_effb5_2x_060624.npy,10,1,0,1,1,0.0,0.0
361,pr_effb5_2x_060624.npy,11,1,0,1,1,0.0,0.0
362,pr_effb5_2x_060624.npy,12,2,2,1,0,0.6666666666666666,1.0
363,pr_effb5_2x_060624.npy,13,1,0,0,1,,0.0
364,pr_effb5_2x_060624.npy,14,8,8,0,0,1.0,1.0
365,pr_effb5_2x_060624.npy,15,2,2,1,0,0.6666666666666666,1.0
366,pr_effb5_2x_060624.npy,16,2,2,2,0,0.5,1.0
367,pr_effb5_2x_060624.npy,17,3,3,0,0,1.0,1.0
368,pr_effb5_2x_060624.npy,18,2,1,1,1,0.5,0.5
369,pr_effb5_2x_060624.npy,19,5,3,0,2,1.0,0.6
370,pr_effb5_2x_060624.npy,20,4,4,0,0,1.0,1.0
371,pr_effb5_2x_060624.npy,21,4,3,1,1,0.75,0.75
372,pr_effb5_2x_060624.npy,22,4,4,1,0,0.8,1.0
373,pr_effb5_2x_060624.npy,23,2,1,2,1,0.3333333333333333,0.5
374,pr_effb5_2x_060624.npy,24,1,1,0,0,1.0,1.0
375,pr_effb5_2x_060624.npy,25,6,5,0,1,1.0,0.8333333333333334
376,pr_effb5_2x_060624.npy,26,5,3,2,2,0.6,0.6
377,pr_effb5_2x_060624.npy,27,4,3,0,1,1.0,0.75
378,pr_effb5_2x_060624.npy,28,3,2,1,1,0.6666666666666666,0.6666666666666666
379,pr_effb5_2x_060624.npy,29,3,2,1,1,0.6666666666666666,0.6666666666666666
380,pr_effb5_2x_060624.npy,30,6,4,2,2,0.6666666666666666,0.6666666666666666
381,pr_effb5_2x_060624.npy,31,8,8,1,0,0.8888888888888888,1.0
382,pr_effb5_2x_060624.npy,32,4,4,0,0,1.0,1.0
383,pr_effb5_2x_060624.npy,33,4,4,1,0,0.8,1.0
384,pr_effb5_2x_060624.npy,34,1,1,1,0,0.5,1.0
385,pr_effb5_2x_060624.npy,35,4,2,1,2,0.6666666666666666,0.5
386,pr_effb5_2x_060624.npy,36,6,6,1,0,0.8571428571428571,1.0
387,pr_effb5_2x_060624.npy,37,1,1,4,0,0.2,1.0
388,pr_effb5_2x_060624.npy,38,2,2,0,0,1.0,1.0
389,pr_effb5_2x_060624.npy,39,2,0,2,2,0.0,0.0
390,pr_effb5_2x_060624.npy,40,2,2,0,0,1.0,1.0
391,pr_effb5_2x_060624.npy,41,1,0,2,1,0.0,0.0
392,pr_effb5_2x_060624.npy,42,2,2,1,0,0.6666666666666666,1.0
393,pr_effb5_2x_060624.npy,43,1,1,1,0,0.5,1.0
394,pr_effb5_2x_060624.npy,44,2,2,1,0,0.6666666666666666,1.0
395,pr_effb5_2x_060624.npy,45,2,1,0,1,1.0,0.5
396,pr_effb5_2x_060624.npy,46,4,3,0,1,1.0,0.75
397,pr_effb5_2x_060624.npy,47,2,2,0,0,1.0,1.0
398,pr_effb5_2x_060624.npy,48,4,3,1,1,0.75,0.75
399,pr_effb5_2x_060624.npy,49,2,2,1,0,0.6666666666666666,1.0
400,pr_effb5_2.5x_220624.npy,0,5,4,1,1,0.8,0.8
401,pr_effb5_2.5x_220624.npy,1,3,3,0,0,1.0,1.0
402,pr_effb5_2.5x_220624.npy,2,3,3,5,0,0.375,1.0
403,pr_effb5_2.5x_220624.npy,3,4,2,1,2,0.6666666666666666,0.5
404,pr_effb5_2.5x_220624.npy,4,1,0,2,1,0.0,0.0
405,pr_effb5_2.5x_220624.npy,5,4,4,1,0,0.8,1.0
406,pr_effb5_2.5x_220624.npy,6,2,1,3,1,0.25,0.5
407,pr_effb5_2.5x_220624.npy,7,1,1,2,0,0.3333333333333333,1.0
408,pr_effb5_2.5x_220624.npy,8,1,1,0,0,1.0,1.0
409,pr_effb5_2.5x_220624.npy,9,3,3,4,0,0.42857142857142855,1.0
410,pr_effb5_2.5x_220624.npy,10,1,0,1,1,0.0,0.0
411,pr_effb5_2.5x_220624.npy,11,1,0,0,1,,0.0
412,pr_effb5_2.5x_220624.npy,12,2,2,1,0,0.6666666666666666,1.0
413,pr_effb5_2.5x_220624.npy,13,1,0,0,1,,0.0
414,pr_effb5_2.5x_220624.npy,14,8,7,0,1,1.0,0.875
415,pr_effb5_2.5x_220624.npy,15,2,2,0,0,1.0,1.0
416,pr_effb5_2.5x_220624.npy,16,2,2,1,0,0.6666666666666666,1.0
417,pr_effb5_2.5x_220624.npy,17,3,3,0,0,1.0,1.0
418,pr_effb5_2.5x_220624.npy,18,2,1,1,1,0.5,0.5
419,pr_effb5_2.5x_220624.npy,19,5,4,0,1,1.0,0.8
420,pr_effb5_2.5x_220624.npy,20,4,4,1,0,0.8,1.0
421,pr_effb5_2.5x_220624.npy,21,4,3,2,1,0.6,0.75
422,pr_effb5_2.5x_220624.npy,22,4,4,1,0,0.8,1.0
423,pr_effb5_2.5x_220624.npy,23,2,1,1,1,0.5,0.5
424,pr_effb5_2.5x_220624.npy,24,1,0,1,1,0.0,0.0
425,pr_effb5_2.5x_220624.npy,25,6,6,0,0,1.0,1.0
426,pr_effb5_2.5x_220624.npy,26,5,3,1,2,0.75,0.6
427,pr_effb5_2.5x_220624.npy,27,4,4,0,0,1.0,1.0
428,pr_effb5_2.5x_220624.npy,28,3,2,1,1,0.6666666666666666,0.6666666666666666
429,pr_effb5_2.5x_220624.npy,29,3,2,1,1,0.6666666666666666,0.6666666666666666
430,pr_effb5_2.5x_220624.npy,30,6,5,1,1,0.8333333333333334,0.8333333333333334
431,pr_effb5_2.5x_220624.npy,31,8,8,1,0,0.8888888888888888,1.0
432,pr_effb5_2.5x_220624.npy,32,4,4,1,0,0.8,1.0
433,pr_effb5_2.5x_220624.npy,33,4,4,0,0,1.0,1.0
434,pr_effb5_2.5x_220624.npy,34,1,1,0,0,1.0,1.0
435,pr_effb5_2.5x_220624.npy,35,4,2,1,2,0.6666666666666666,0.5
436,pr_effb5_2.5x_220624.npy,36,6,6,1,0,0.8571428571428571,1.0
437,pr_effb5_2.5x_220624.npy,37,1,1,0,0,1.0,1.0
438,pr_effb5_2.5x_220624.npy,38,2,2,0,0,1.0,1.0
439,pr_effb5_2.5x_220624.npy,39,2,2,2,0,0.5,1.0
440,pr_effb5_2.5x_220624.npy,40,2,2,1,0,0.6666666666666666,1.0
441,pr_effb5_2.5x_220624.npy,41,1,0,1,1,0.0,0.0
442,pr_effb5_2.5x_220624.npy,42,2,2,1,0,0.6666666666666666,1.0
443,pr_effb5_2.5x_220624.npy,43,1,1,0,0,1.0,1.0
444,pr_effb5_2.5x_220624.npy,44,2,2,0,0,1.0,1.0
445,pr_effb5_2.5x_220624.npy,45,2,1,0,1,1.0,0.5
446,pr_effb5_2.5x_220624.npy,46,4,3,0,1,1.0,0.75
447,pr_effb5_2.5x_220624.npy,47,2,1,0,1,1.0,0.5
448,pr_effb5_2.5x_220624.npy,48,4,4,0,0,1.0,1.0
449,pr_effb5_2.5x_220624.npy,49,2,2,1,0,0.6666666666666666,1.0
450,pr_effb5_3x_170624.npy,0,5,3,0,2,1.0,0.6
451,pr_effb5_3x_170624.npy,1,3,3,0,0,1.0,1.0
452,pr_effb5_3x_170624.npy,2,3,3,2,0,0.6,1.0
453,pr_effb5_3x_170624.npy,3,4,2,0,2,1.0,0.5
454,pr_effb5_3x_170624.npy,4,1,1,1,0,0.5,1.0
455,pr_effb5_3x_170624.npy,5,4,4,1,0,0.8,1.0
456,pr_effb5_3x_170624.npy,6,2,1,1,1,0.5,0.5
457,pr_effb5_3x_170624.npy,7,1,1,1,0,0.5,1.0
458,pr_effb5_3x_170624.npy,8,1,1,1,0,0.5,1.0
459,pr_effb5_3x_170624.npy,9,3,3,2,0,0.6,1.0
460,pr_effb5_3x_170624.npy,10,1,0,2,1,0.0,0.0
461,pr_effb5_3x_170624.npy,11,1,1,0,0,1.0,1.0
462,pr_effb5_3x_170624.npy,12,2,2,1,0,0.6666666666666666,1.0
463,pr_effb5_3x_170624.npy,13,1,1,0,0,1.0,1.0
464,pr_effb5_3x_170624.npy,14,8,7,0,1,1.0,0.875
465,pr_effb5_3x_170624.npy,15,2,1,1,1,0.5,0.5
466,pr_effb5_3x_170624.npy,16,2,1,0,1,1.0,0.5
467,pr_effb5_3x_170624.npy,17,3,2,0,1,1.0,0.6666666666666666
468,pr_effb5_3x_170624.npy,18,2,2,1,0,0.6666666666666666,1.0
469,pr_effb5_3x_170624.npy,19,5,4,1,1,0.8,0.8
470,pr_effb5_3x_170624.npy,20,4,4,1,0,0.8,1.0
471,pr_effb5_3x_170624.npy,21,4,3,2,1,0.6,0.75
472,pr_effb5_3x_170624.npy,22,4,4,0,0,1.0,1.0
473,pr_effb5_3x_170624.npy,23,2,1,0,1,1.0,0.5
474,pr_effb5_3x_170624.npy,24,1,0,1,1,0.0,0.0
475,pr_effb5_3x_170624.npy,25,6,6,0,0,1.0,1.0
476,pr_effb5_3x_170624.npy,26,5,1,1,4,0.5,0.2
477,pr_effb5_3x_170624.npy,27,4,4,0,0,1.0,1.0
478,pr_effb5_3x_170624.npy,28,3,2,0,1,1.0,0.6666666666666666
479,pr_effb5_3x_170624.npy,29,3,2,1,1,0.6666666666666666,0.6666666666666666
480,pr_effb5_3x_170624.npy,30,6,5,0,1,1.0,0.8333333333333334
481,pr_effb5_3x_170624.npy,31,8,8,0,0,1.0,1.0
482,pr_effb5_3x_170624.npy,32,4,4,0,0,1.0,1.0
483,pr_effb5_3x_170624.npy,33,4,4,0,0,1.0,1.0
484,pr_effb5_3x_170624.npy,34,1,1,1,0,0.5,1.0
485,pr_effb5_3x_170624.npy,35,4,2,2,2,0.5,0.5
486,pr_effb5_3x_170624.npy,36,6,6,1,0,0.8571428571428571,1.0
487,pr_effb5_3x_170624.npy,37,1,1,0,0,1.0,1.0
488,pr_effb5_3x_170624.npy,38,2,2,0,0,1.0,1.0
489,pr_effb5_3x_170624.npy,39,2,2,1,0,0.6666666666666666,1.0
490,pr_effb5_3x_170624.npy,40,2,2,1,0,0.6666666666666666,1.0
491,pr_effb5_3x_170624.npy,41,1,0,1,1,0.0,0.0
492,pr_effb5_3x_170624.npy,42,2,2,1,0,0.6666666666666666,1.0
493,pr_effb5_3x_170624.npy,43,1,1,0,0,1.0,1.0
494,pr_effb5_3x_170624.npy,44,2,2,0,0,1.0,1.0
495,pr_effb5_3x_170624.npy,45,2,1,1,1,0.5,0.5
496,pr_effb5_3x_170624.npy,46,4,2,0,2,1.0,0.5
497,pr_effb5_3x_170624.npy,47,2,1,0,1,1.0,0.5
498,pr_effb5_3x_170624.npy,48,4,3,0,1,1.0,0.75
499,pr_effb5_3x_170624.npy,49,2,2,1,0,0.6666666666666666,1.0
500,pr_effb5_3.5x_230624.npy,0,5,4,0,1,1.0,0.8
501,pr_effb5_3.5x_230624.npy,1,3,3,0,0,1.0,1.0
502,pr_effb5_3.5x_230624.npy,2,3,3,4,0,0.42857142857142855,1.0
503,pr_effb5_3.5x_230624.npy,3,4,3,2,1,0.6,0.75
504,pr_effb5_3.5x_230624.npy,4,1,1,1,0,0.5,1.0
505,pr_effb5_3.5x_230624.npy,5,4,4,0,0,1.0,1.0
506,pr_effb5_3.5x_230624.npy,6,2,1,0,1,1.0,0.5
507,pr_effb5_3.5x_230624.npy,7,1,1,2,0,0.3333333333333333,1.0
508,pr_effb5_3.5x_230624.npy,8,1,1,0,0,1.0,1.0
509,pr_effb5_3.5x_230624.npy,9,3,3,1,0,0.75,1.0
510,pr_effb5_3.5x_230624.npy,10,1,0,0,1,,0.0
511,pr_effb5_3.5x_230624.npy,11,1,0,0,1,,0.0
512,pr_effb5_3.5x_230624.npy,12,2,2,1,0,0.6666666666666666,1.0
513,pr_effb5_3.5x_230624.npy,13,1,0,1,1,0.0,0.0
514,pr_effb5_3.5x_230624.npy,14,8,7,0,1,1.0,0.875
515,pr_effb5_3.5x_230624.npy,15,2,1,0,1,1.0,0.5
516,pr_effb5_3.5x_230624.npy,16,2,2,0,0,1.0,1.0
517,pr_effb5_3.5x_230624.npy,17,3,3,1,0,0.75,1.0
518,pr_effb5_3.5x_230624.npy,18,2,2,1,0,0.6666666666666666,1.0
519,pr_effb5_3.5x_230624.npy,19,5,4,0,1,1.0,0.8
520,pr_effb5_3.5x_230624.npy,20,4,4,2,0,0.6666666666666666,1.0
521,pr_effb5_3.5x_230624.npy,21,4,2,2,2,0.5,0.5
522,pr_effb5_3.5x_230624.npy,22,4,4,2,0,0.6666666666666666,1.0
523,pr_effb5_3.5x_230624.npy,23,2,1,0,1,1.0,0.5
524,pr_effb5_3.5x_230624.npy,24,1,0,0,1,,0.0
525,pr_effb5_3.5x_230624.npy,25,6,5,0,1,1.0,0.8333333333333334
526,pr_effb5_3.5x_230624.npy,26,5,2,0,3,1.0,0.4
527,pr_effb5_3.5x_230624.npy,27,4,3,0,1,1.0,0.75
528,pr_effb5_3.5x_230624.npy,28,3,1,0,2,1.0,0.3333333333333333
529,pr_effb5_3.5x_230624.npy,29,3,3,1,0,0.75,1.0
530,pr_effb5_3.5x_230624.npy,30,6,4,0,2,1.0,0.6666666666666666
531,pr_effb5_3.5x_230624.npy,31,8,8,1,0,0.8888888888888888,1.0
532,pr_effb5_3.5x_230624.npy,32,4,4,0,0,1.0,1.0
533,pr_effb5_3.5x_230624.npy,33,4,4,0,0,1.0,1.0
534,pr_effb5_3.5x_230624.npy,34,1,1,1,0,0.5,1.0
535,pr_effb5_3.5x_230624.npy,35,4,1,1,3,0.5,0.25
536,pr_effb5_3.5x_230624.npy,36,6,6,1,0,0.8571428571428571,1.0
537,pr_effb5_3.5x_230624.npy,37,1,1,1,0,0.5,1.0
538,pr_effb5_3.5x_230624.npy,38,2,2,0,0,1.0,1.0
539,pr_effb5_3.5x_230624.npy,39,2,0,1,2,0.0,0.0
540,pr_effb5_3.5x_230624.npy,40,2,2,1,0,0.6666666666666666,1.0
541,pr_effb5_3.5x_230624.npy,41,1,0,0,1,,0.0
542,pr_effb5_3.5x_230624.npy,42,2,2,0,0,1.0,1.0
543,pr_effb5_3.5x_230624.npy,43,1,1,0,0,1.0,1.0
544,pr_effb5_3.5x_230624.npy,44,2,2,0,0,1.0,1.0
545,pr_effb5_3.5x_230624.npy,45,2,1,0,1,1.0,0.5
546,pr_effb5_3.5x_230624.npy,46,4,2,0,2,1.0,0.5
547,pr_effb5_3.5x_230624.npy,47,2,1,0,1,1.0,0.5
548,pr_effb5_3.5x_230624.npy,48,4,4,0,0,1.0,1.0
549,pr_effb5_3.5x_230624.npy,49,2,2,1,0,0.6666666666666666,1.0
550,pr_effb5_150_040624.npy,0,5,3,1,2,0.75,0.6
551,pr_effb5_150_040624.npy,1,3,2,1,1,0.6666666666666666,0.6666666666666666
552,pr_effb5_150_040624.npy,2,3,3,4,0,0.42857142857142855,1.0
553,pr_effb5_150_040624.npy,3,4,3,1,1,0.75,0.75
554,pr_effb5_150_040624.npy,4,1,0,1,1,0.0,0.0
555,pr_effb5_150_040624.npy,5,4,4,1,0,0.8,1.0
556,pr_effb5_150_040624.npy,6,2,0,1,2,0.0,0.0
557,pr_effb5_150_040624.npy,7,1,1,1,0,0.5,1.0
558,pr_effb5_150_040624.npy,8,1,1,4,0,0.2,1.0
559,pr_effb5_150_040624.npy,9,3,2,1,1,0.6666666666666666,0.6666666666666666
560,pr_effb5_150_040624.npy,10,1,0,1,1,0.0,0.0
561,pr_effb5_150_040624.npy,11,1,0,0,1,,0.0
562,pr_effb5_150_040624.npy,12,2,2,1,0,0.6666666666666666,1.0
563,pr_effb5_150_040624.npy,13,1,1,1,0,0.5,1.0
564,pr_effb5_150_040624.npy,14,8,5,0,3,1.0,0.625
565,pr_effb5_150_040624.npy,15,2,1,1,1,0.5,0.5
566,pr_effb5_150_040624.npy,16,2,1,0,1,1.0,0.5
567,pr_effb5_150_040624.npy,17,3,2,2,1,0.5,0.6666666666666666
568,pr_effb5_150_040624.npy,18,2,1,2,1,0.3333333333333333,0.5
569,pr_effb5_150_040624.npy,19,5,4,0,1,1.0,0.8
570,pr_effb5_150_040624.npy,20,4,4,0,0,1.0,1.0
571,pr_effb5_150_040624.npy,21,4,3,1,1,0.75,0.75
572,pr_effb5_150_040624.npy,22,4,3,0,1,1.0,0.75
573,pr_effb5_150_040624.npy,23,2,1,1,1,0.5,0.5
574,pr_effb5_150_040624.npy,24,1,1,2,0,0.3333333333333333,1.0
575,pr_effb5_150_040624.npy,25,6,4,1,2,0.8,0.6666666666666666
576,pr_effb5_150_040624.npy,26,5,3,1,2,0.75,0.6
577,pr_effb5_150_040624.npy,27,4,2,0,2,1.0,0.5
578,pr_effb5_150_040624.npy,28,3,1,1,2,0.5,0.3333333333333333
579,pr_effb5_150_040624.npy,29,3,2,0,1,1.0,0.6666666666666666
580,pr_effb5_150_040624.npy,30,6,5,0,1,1.0,0.8333333333333334
581,pr_effb5_150_040624.npy,31,8,7,3,1,0.7,0.875
582,pr_effb5_150_040624.npy,32,4,4,1,0,0.8,1.0
583,pr_effb5_150_040624.npy,33,4,4,1,0,0.8,1.0
584,pr_effb5_150_040624.npy,34,1,0,2,1,0.0,0.0
585,pr_effb5_150_040624.npy,35,4,2,1,2,0.6666666666666666,0.5
586,pr_effb5_150_040624.npy,36,6,6,1,0,0.8571428571428571,1.0
587,pr_effb5_150_040624.npy,37,1,0,2,1,0.0,0.0
588,pr_effb5_150_040624.npy,38,2,2,1,0,0.6666666666666666,1.0
589,pr_effb5_150_040624.npy,39,2,0,0,2,,0.0
590,pr_effb5_150_040624.npy,40,2,1,1,1,0.5,0.5
591,pr_effb5_150_040624.npy,41,1,1,0,0,1.0,1.0
592,pr_effb5_150_040624.npy,42,2,2,0,0,1.0,1.0
593,pr_effb5_150_040624.npy,43,1,1,0,0,1.0,1.0
594,pr_effb5_150_040624.npy,44,2,1,1,1,0.5,0.5
595,pr_effb5_150_040624.npy,45,2,1,1,1,0.5,0.5
596,pr_effb5_150_040624.npy,46,4,2,1,2,0.6666666666666666,0.5
597,pr_effb5_150_040624.npy,47,2,2,0,0,1.0,1.0
598,pr_effb5_150_040624.npy,48,4,2,0,2,1.0,0.5
599,pr_effb5_150_040624.npy,49,2,2,2,0,0.5,1.0
600,pr_effb5_250_040624.npy,0,5,3,0,2,1.0,0.6
601,pr_effb5_250_040624.npy,1,3,3,1,0,0.75,1.0
602,pr_effb5_250_040624.npy,2,3,3,4,0,0.42857142857142855,1.0
603,pr_effb5_250_040624.npy,3,4,2,0,2,1.0,0.5
604,pr_effb5_250_040624.npy,4,1,1,1,0,0.5,1.0
605,pr_effb5_250_040624.npy,5,4,4,1,0,0.8,1.0
606,pr_effb5_250_040624.npy,6,2,1,2,1,0.3333333333333333,0.5
607,pr_effb5_250_040624.npy,7,1,1,2,0,0.3333333333333333,1.0
608,pr_effb5_250_040624.npy,8,1,1,1,0,0.5,1.0
609,pr_effb5_250_040624.npy,9,3,3,3,0,0.5,1.0
610,pr_effb5_250_040624.npy,10,1,0,2,1,0.0,0.0
611,pr_effb5_250_040624.npy,11,1,0,0,1,,0.0
612,pr_effb5_250_040624.npy,12,2,1,3,1,0.25,0.5
613,pr_effb5_250_040624.npy,13,1,1,0,0,1.0,1.0
614,pr_effb5_250_040624.npy,14,8,7,0,1,1.0,0.875
615,pr_effb5_250_040624.npy,15,2,2,1,0,0.6666666666666666,1.0
616,pr_effb5_250_040624.npy,16,2,1,1,1,0.5,0.5
617,pr_effb5_250_040624.npy,17,3,3,1,0,0.75,1.0
618,pr_effb5_250_040624.npy,18,2,1,2,1,0.3333333333333333,0.5
619,pr_effb5_250_040624.npy,19,5,2,0,3,1.0,0.4
620,pr_effb5_250_040624.npy,20,4,4,0,0,1.0,1.0
621,pr_effb5_250_040624.npy,21,4,3,0,1,1.0,0.75
622,pr_effb5_250_040624.npy,22,4,4,0,0,1.0,1.0
623,pr_effb5_250_040624.npy,23,2,1,1,1,0.5,0.5
624,pr_effb5_250_040624.npy,24,1,1,2,0,0.3333333333333333,1.0
625,pr_effb5_250_040624.npy,25,6,6,1,0,0.8571428571428571,1.0
626,pr_effb5_250_040624.npy,26,5,2,0,3,1.0,0.4
627,pr_effb5_250_040624.npy,27,4,3,0,1,1.0,0.75
628,pr_effb5_250_040624.npy,28,3,2,0,1,1.0,0.6666666666666666
629,pr_effb5_250_040624.npy,29,3,2,1,1,0.6666666666666666,0.6666666666666666
630,pr_effb5_250_040624.npy,30,6,4,0,2,1.0,0.6666666666666666
631,pr_effb5_250_040624.npy,31,8,8,2,0,0.8,1.0
632,pr_effb5_250_040624.npy,32,4,4,1,0,0.8,1.0
633,pr_effb5_250_040624.npy,33,4,3,2,1,0.6,0.75
634,pr_effb5_250_040624.npy,34,1,0,0,1,,0.0
635,pr_effb5_250_040624.npy,35,4,2,1,2,0.6666666666666666,0.5
636,pr_effb5_250_040624.npy,36,6,5,0,1,1.0,0.8333333333333334
637,pr_effb5_250_040624.npy,37,1,1,1,0,0.5,1.0
638,pr_effb5_250_040624.npy,38,2,2,1,0,0.6666666666666666,1.0
639,pr_effb5_250_040624.npy,39,2,2,2,0,0.5,1.0
640,pr_effb5_250_040624.npy,40,2,2,1,0,0.6666666666666666,1.0
641,pr_effb5_250_040624.npy,41,1,1,1,0,0.5,1.0
642,pr_effb5_250_040624.npy,42,2,2,0,0,1.0,1.0
643,pr_effb5_250_040624.npy,43,1,1,0,0,1.0,1.0
644,pr_effb5_250_040624.npy,44,2,1,2,1,0.3333333333333333,0.5
645,pr_effb5_250_040624.npy,45,2,1,1,1,0.5,0.5
646,pr_effb5_250_040624.npy,46,4,0,1,4,0.0,0.0
647,pr_effb5_250_040624.npy,47,2,1,1,1,0.5,0.5
648,pr_effb5_250_040624.npy,48,4,2,3,2,0.4,0.5
649,pr_effb5_250_040624.npy,49,2,2,1,0,0.6666666666666666,1.0
650,pr_effb5_350_300524.npy,0,5,4,1,1,0.8,0.8
651,pr_effb5_350_300524.npy,1,3,2,1,1,0.6666666666666666,0.6666666666666666
652,pr_effb5_350_300524.npy,2,3,3,4,0,0.42857142857142855,1.0
653,pr_effb5_350_300524.npy,3,4,4,2,0,0.6666666666666666,1.0
654,pr_effb5_350_300524.npy,4,1,1,0,0,1.0,1.0
655,pr_effb5_350_300524.npy,5,4,4,0,0,1.0,1.0
656,pr_effb5_350_300524.npy,6,2,0,1,2,0.0,0.0
657,pr_effb5_350_300524.npy,7,1,1,1,0,0.5,1.0
658,pr_effb5_350_300524.npy,8,1,1,0,0,1.0,1.0
659,pr_effb5_350_300524.npy,9,3,3,2,0,0.6,1.0
660,pr_effb5_350_300524.npy,10,1,0,0,1,,0.0
661,pr_effb5_350_300524.npy,11,1,0,0,1,,0.0
662,pr_effb5_350_300524.npy,12,2,2,0,0,1.0,1.0
663,pr_effb5_350_300524.npy,13,1,0,0,1,,0.0
664,pr_effb5_350_300524.npy,14,8,7,0,1,1.0,0.875
665,pr_effb5_350_300524.npy,15,2,2,1,0,0.6666666666666666,1.0
666,pr_effb5_350_300524.npy,16,2,2,1,0,0.6666666666666666,1.0
667,pr_effb5_350_300524.npy,17,3,2,0,1,1.0,0.6666666666666666
668,pr_effb5_350_300524.npy,18,2,1,2,1,0.3333333333333333,0.5
669,pr_effb5_350_300524.npy,19,5,3,0,2,1.0,0.6
670,pr_effb5_350_300524.npy,20,4,4,3,0,0.5714285714285714,1.0
671,pr_effb5_350_300524.npy,21,4,4,2,0,0.6666666666666666,1.0
672,pr_effb5_350_300524.npy,22,4,4,0,0,1.0,1.0
673,pr_effb5_350_300524.npy,23,2,1,0,1,1.0,0.5
674,pr_effb5_350_300524.npy,24,1,0,1,1,0.0,0.0
675,pr_effb5_350_300524.npy,25,6,6,1,0,0.8571428571428571,1.0
676,pr_effb5_350_300524.npy,26,5,3,0,2,1.0,0.6
677,pr_effb5_350_300524.npy,27,4,3,1,1,0.75,0.75
678,pr_effb5_350_300524.npy,28,3,2,2,1,0.5,0.6666666666666666
679,pr_effb5_350_300524.npy,29,3,3,1,0,0.75,1.0
680,pr_effb5_350_300524.npy,30,6,4,0,2,1.0,0.6666666666666666
681,pr_effb5_350_300524.npy,31,8,8,1,0,0.8888888888888888,1.0
682,pr_effb5_350_300524.npy,32,4,3,0,1,1.0,0.75
683,pr_effb5_350_300524.npy,33,4,4,1,0,0.8,1.0
684,pr_effb5_350_300524.npy,34,1,1,1,0,0.5,1.0
685,pr_effb5_350_300524.npy,35,4,1,1,3,0.5,0.25
686,pr_effb5_350_300524.npy,36,6,5,1,1,0.8333333333333334,0.8333333333333334
687,pr_effb5_350_300524.npy,37,1,0,0,1,,0.0
688,pr_effb5_350_300524.npy,38,2,2,1,0,0.6666666666666666,1.0
689,pr_effb5_350_300524.npy,39,2,2,0,0,1.0,1.0
690,pr_effb5_350_300524.npy,40,2,2,1,0,0.6666666666666666,1.0
691,pr_effb5_350_300524.npy,41,1,1,2,0,0.3333333333333333,1.0
692,pr_effb5_350_300524.npy,42,2,2,1,0,0.6666666666666666,1.0
693,pr_effb5_350_300524.npy,43,1,1,1,0,0.5,1.0
694,pr_effb5_350_300524.npy,44,2,1,1,1,0.5,0.5
695,pr_effb5_350_300524.npy,45,2,1,1,1,0.5,0.5
696,pr_effb5_350_300524.npy,46,4,3,0,1,1.0,0.75
697,pr_effb5_350_300524.npy,47,2,1,0,1,1.0,0.5
698,pr_effb5_350_300524.npy,48,4,4,0,0,1.0,1.0
699,pr_effb5_350_300524.npy,49,2,1,1,1,0.5,0.5
